code,ele0,tss0,inf0,wat0,com0,ele1,tss1,inf1,wat1,com1,ele3,tss3,inf3,wat3,com3,ele4,tss4,inf4,wat4,com4,ele5,tss5,inf5,wat5,com5,ele6,tss6,inf6,wat6,com6,ele7,tss7,inf7,wat7,com7,ele8,tss8,inf8,wat8,com8,ele9,tss9,inf9,wat9,com9,ele10,tss10,inf10,wat10,com10,ele11,tss11,inf11,wat11,com11,ele12,tss12,inf12,wat12,com12,ele14,tss14,inf14,wat14,com14,ele15,tss15,inf15,wat15,com15,ele16,tss16,inf16,wat16,com16
DOM-6NO,0,0,0,0,0,0,0,0,0,0,0,0,0,0,0,0,0,0,0,0,0,0,0,0,0,0,0,0,0,0,0,0,0,0,0,0,0,0,0,0,0,0,0,0,0,0,0,0,0,0,0,0,0,0,0,0,0,0,0,0,0,0,0,0,0,0,0,0,0,0,6280.98,2104.9,184.04,162.55,359.26
DOM-ALC,9812247.7,5638113.84,766893.43,464354,0,9991975,5522545.9,664740.87,303304.5,0,15851375.59,4545852.91,737730.28,449473.79,4158720.15,31941101.51,4234373.33,1253120.81,1017732,4507834.03,30035567.07,5501330.91,1407623.3,920207.21,4420022.97,27144131.93,5145037.9,1543897.97,877829,4708623.09,13412951.03,7169903.25,962618.42,936269,3178531.56,18897769.79,15433680.55,978345.29,1435004.34,5586756.02,14666398.01,14541632.67,1066418.39,1217425.02,5051923.34,9379610.45,18714115.9,871198.12,1261781.85,3955706.7,14013520.36,22596915.27,933492,1493500.5,3314118.53,10572678.8,23296070.87,980049,1192078.77,3355000.81,9756788.47,24852524.06,1022784.27,747952.08,3432905.23,12778331.28,28271407.9,1141928.41,1435953.34,4495590.62,11783.2,29103.43,1256.74,669.42,3847.24
DOM-ALT,4272000,7560000,793343.19,72000,0,1175000,3806394.08,290000,139000,0,11150215,10935678.33,1017692.59,325540,2487088.9,9043136.54,3725000,635384,237188,2003650.38,6987870.34,2107920.47,408213.28,266100,2286140.75,4751695.92,1201401.88,381967.26,250468.6,2163662.03,1234774.4,1647202.68,93743.3,81919.6,1371434.34,318255.38,1941581.34,98723.58,114598,1877264.54,610390.4,1062869.46,118837.53,84833.6,1900434.89,1399795,5322537.16,219223,49118,1394800,1520517.05,7561303.51,356764,55852.5,1552829.83,1288332.81,7936020.51,387770.82,76099,1397401.31,1385432.01,7894656.18,186447.93,131185.34,543196.14,2953903.92,12614559.92,672375.3,215511.24,1074811.05,5659.76,11903.82,550.26,294.3,1155.99
DOM-AND,0,0,0,0,0,0,0,0,0,0,0,0,0,0,0,0,0,0,0,0,0,0,0,0,0,0,0,0,0,0,0,0,0,0,0,0,0,0,0,0,1764000,2725541.49,0,156000,324000,1430112,3396051.78,135976,0,1158574,1270858,3452591.29,147725,70000,778647.54,2316650,4182936.78,183133,97718,894234,1890308,3818310.97,174472,131630,965470,2710157.43,3607344.32,190443.41,62040,1151974.54,1982.32,4093.94,215.33,201.45,1029.41
DOM-ARM,3561896,3980122.5,678543.21,86750,0,2419200.04,2921492.85,281005.92,81700,0,3817908.51,2976086.42,550258.47,37178,730368.99,11063851.64,2319144.38,701344.07,343650,1630871.96,8102430.7,2895184.45,460677.17,179433,1957018.55,8361395.8,2034905.97,889290.93,88058,2007078.8,6545460.79,5735152.92,566717.5,341660,3265433.59,5997554.38,11070036.33,629817.64,75021.9,3251871.07,5820089.4,8324377.6,404930.4,251406.7,2824575.49,3612196.79,4756105.55,145913.89,107733,1015920.68,3784639.9,5957603.18,296433.6,118693,987064,4101929.55,6053210.57,349344.39,244911,1106267.34,2379713.44,8024967.52,197783.28,43312.1,1183737.23,20596983.45,11133280.32,550180.07,722143.9,1509984.22,5046.3,13470.86,591.82,951.47,1772.33
DOM-BAN,5251803.98,8583658.52,847448.58,129226,0,3153149.06,9424323.58,582717.94,320910,0,6870899.33,6166225.07,1006133.71,310655.86,1284632.25,9353623.31,5952381.83,1168661.01,301136,1913874.03,9066274.95,10238552.77,997643.26,462374,1924319.62,6442155.34,5140003.74,824660.11,404351.8,1961682.95,5868480.39,12644412.11,600845.44,353703.8,1879179.61,4476381.38,23111357.53,478238.69,278929,1792031.44,3431317.66,33686060.71,789637.82,246166.66,2104759.61,7711990.19,10096906.3,785209.75,322045,2595124.47,9525893.83,20538705.08,516147.5,362455.08,2187942.39,10891060.06,2958098.68,619017.32,286146,2672284.25,2783958.92,4263878.51,238145.6,289496.4,958293.04,4967735.6,5068662.78,404979.81,429835.08,1478174.86,6491.47,4758.06,538.36,766.45,1388.77
DOM-BAR,7226794,1126650,234224.39,36750,0,321000,330000,38400,53400,0,30269420.79,1630382.78,735581.9,0,0,42455245.6,2887882.12,0,58860,1840320.55,45337430,3.00E+06,360000,113000,360000,45337430,0,360000,113000,360000,4.00E+07,1.00E+07,6.00E+05,4.00E+05,7.00E+05,38500000,6291685.04,720000,264000,1200000,2.30E+07,0,68000,172000,6.00E+05,30478185,4678962.73,734039,128552,657411,35949048.84,0,413347.5,128552.4,663464.04,25813861.28,14523197.8,413347.5,128552.4,546066.47,985525.441,8284397.51,60000,67802,355560,40383864.63,51883452.6,631268.87,605755.5,2268129.5,40948.45,30089.5,1258.52,1728.01,1915.2
DOM-BON,3027130.25,5771109.01,648183.09,35432,0,3240635.45,8682549.77,835232.49,28432,0,10371273.48,4459479.29,319901.72,907728.78,1750786.35,10814822.07,5068724.17,606118.14,234589.08,1602793.17,15053601.87,30696905.61,568509.3,556297.8,1596498.92,15897982.83,5974542.8,719034.68,371096.2,3040014.45,13822918.11,12613973.54,571084.69,262747.91,992152.02,2941251.94,7995323.93,203004.2,120057.21,1012608.13,1467699.06,1645550.85,55754.6,33491.2,754759.94,2349687.03,1246678.79,65550,44658.4,905668.81,3432219.23,5410301.48,271250,66988,993399.75,2683090.4,4733357.13,108817,61405,995619.77,4563323.95,6256241.56,353728,85987.6,1518616.94,4423760.38,6975466.02,333767,144000,1064010.82,4327.98,7887.88,387.6,144,1215.18
DOM-CAD,0,0,0,0,0,0,0,0,0,0,0,0,0,0,0,0,0,0,0,0,0,0,0,0,0,0,0,0,0,0,0,0,0,0,0,0,0,0,0,0,0,0,0,0,0,0,0,0,0,0,0,0,0,0,0,0,0,0,0,0,0,0,0,0,0,0,0,0,0,0,0,0,0,0,0
DOM-CHE,4580529,7149064.81,0,345045,0,9328406.08,8646283.47,1005477.13,425735.6,0,4602130.67,1503421.5,233244.74,177396.8,825149.72,11929849.17,1408059.15,365370.54,246924,1394311.58,10402782.44,1170073.15,262804.83,209040.6,1387635.99,13242019.36,2596859.38,717258.02,233961.6,2354743.79,14349462.98,5514547.5,579777.27,244401.23,2545750.57,12808605.5,6623097.87,488682.1,171369,1090189.81,13993965.2,5781557.28,366915.01,166670.99,946739.86,13255139,10656593.09,405706.8,142915.55,1371393.55,19051156.69,10608410.61,362138,217974.5,1171243.72,19316760.03,10548295.96,530063,230259.6,1570888.64,14773378.86,11493555.04,585454.82,205647.2,2435841.72,19753863.39,14392580.28,700228.34,222407.2,2633786.51,16396.4,16817.56,707.33,167.81,1890.4
DOM-CIB,0,0,0,0,0,0,0,0,0,0,22000,0,3000,0,70000,0,0,0,0,0,526342,10362.5,10447,0,580091,4831007,48100,81843,10105,517666,12222517.82,1060673.08,33644.72,0,680065.78,19063172.61,4099596.64,1354680.02,79095.8,1515131.49,17546188.22,6451824.03,1927642.62,20395.91,25676403.54,5720230.69,5099155.57,131431.5,14230,1973833.61,19172437.66,10485390.01,545719.5,0,5776410.34,18956992.95,96374430.87,4805747,25000,39866322.46,27786000,24121725.52,5631264.31,105000,5382600.94,41757937.42,113420336.6,5761777,109832,4173375.14,30250.05,42716.16,1730.13,67.92,8808.83
DOM-CIP,8864202,4009688,0,457832,0,23042736.06,5865570.56,5248053.79,764430.72,0,36867922.31,8784222.09,3333914.28,1085400.28,8733568.27,87363210.07,7421156.14,4221563.57,3830485.58,13649317.18,65407518.8,5980210.85,3197934.44,8757942.18,8538792.75,70584347.77,5078569.88,3236198.75,13653532.46,11853413.16,106637497.1,43130318.51,7510872.95,9876949.39,14166523.46,90381177.52,191251263.2,5487855.36,11571109.6,15574103.65,80355505.87,54453450.85,3987825.93,11946023.29,14522582.9,45913185.07,73652784.85,48703113.25,5640274.43,7501807.64,86861655.83,121479731,4350456.33,13561726.1,8915092.61,180360924.8,85154028.71,5342132.32,13780807.91,16689509.16,128755649.2,181936505.1,7146610.52,25030231.76,10001543.65,146043047.4,161131111.9,8480759.54,22133148.27,9700286.51,127272.03,170362.39,9289.85,21575.69,10326.43
DOM-CON,0,0,0,0,0,0,0,0,0,0,0,0,0,0,0,0,0,0,0,0,0,0,0,0,0,0,0,0,0,0,0,0,0,0,0,0,0,0,0,0,0,0,0,0,0,0,0,0,0,0,0,0,0,0,0,0,0,0,0,0,4556012.57,10325863.9,502808,0,1309617.26,7560914.81,33159271.05,550347.87,338277.16,2115564.1,7425.37,9261.6,411.16,343.04,2420.58
DOM-CRI,68236074,24682875,5098848,2697286,0,73122148.68,20020772.09,4739782.21,3032356.37,0,191366523.7,25616961.28,7654849.11,3566382.49,25779624.82,276169513.3,19644115.67,10553964.55,4237565.02,40445759.79,325668370.3,24913736.7,12106799.7,5527065.05,52509586.56,302698151.6,24977990.92,13300294.87,5755459.54,51836050.67,348712686.5,125415337.4,64069530.79,6883000.37,51177281.17,287747989.2,311271274.8,14403102.46,3792657.25,42540010.22,232284174.5,283308121.9,14048012.02,4828679.5,36200210.67,244652532.6,328690788.2,14886567.91,8116708.35,77546134.08,276332873.9,384701922.1,16396187.01,11165165.4,45403493.51,365093433.6,456084144.1,25535904,11169012.73,66791361.28,584125924.9,539729090.9,26197638.97,6099045.76,95277131.05,625331734,580494898.8,27439624.32,8981283.89,125589817.5,651718.62,651908.11,33549.17,9791.8,118943.46
DOM-CTQ,0,0,0,0,0,0,0,0,0,0,0,0,0,0,0,0,0,0,0,0,0,0,0,0,0,0,0,0,0,0,0,0,0,0,0,0,0,0,0,0,0,0,0,0,0,0,0,0,0,0,0,0,0,0,0,0,0,0,0,0,0,0,0,0,0,1175619.75,17210207.04,408855.6,210924,388228.23,1388.02,6913.24,337.61,156.82,681.41
DOM-DOS,0,0,0,0,0,0,0,0,0,0,0,0,0,0,0,0,0,0,0,0,0,0,0,0,0,0,0,0,0,0,128144640,9285912.29,1148196,944179,3151994.17,128144640,46075854.77,2158061.73,600257,2656806,34057156.07,50358358.07,2730700,673403,2664237,19095998.4,60523386.64,2474246,487800,3787776,242431456.2,67755357.39,2954679,505504.23,5023155.79,262569413.9,65687494.28,2931445,810266.35,2989781.58,328948693,100373200.1,4591614.25,3098246.58,2312752.42,327002713,120924376.8,5666808,2619207.74,3370867.01,202952.73,124631.26,5076.13,2335.96,2818.88
DOM-ECO,0,0,0,0,0,0,0,0,0,0,0,0,0,0,0,0,0,0,0,0,0,0,0,0,0,0,0,0,0,0,0,0,0,0,0,0,0,0,0,0,0,0,0,0,0,0,0,0,0,0,0,0,0,0,0,0,0,0,0,0,0,0,0,0,0,0,0,0,0,0,0,0,0,0,0
DOM-EMI,0,0,0,0,0,0,0,0,0,0,0,0,0,0,0,0,0,0,0,0,0,0,0,0,0,0,0,0,0,0,0,0,0,0,0,0,0,0,0,0,0,0,0,0,0,0,0,0,0,0,0,0,0,0,0,0,0,0,0,0,11098754.41,27070578.81,1180647,203568,621684.7,12249484.23,91818063.81,1444840.2,297605,496408.48,8744.58,40556.79,566.01,100.21,495.41
DOM-ESP,10290123.02,8541176.67,1403431,235384,0,23236495.09,14099855.7,1751138.77,259157,0,21276192.5,15483501.07,2666631.66,1646453.79,2264735.88,40428423.28,11827736.77,3719079.72,1502703.85,2235950.78,28562158.58,10306497.5,3998300.23,1204814.09,3163163.26,905161.66,259060.45,33096,43152,271998.48,32366169.94,47197889.84,3934617.92,1555832.35,2138450.21,27035862.11,55337825.15,2189339.07,1321031.1,2089375.6,24216673.43,56081496.45,2354881,1527619.28,1518836.68,29460537.51,78520783.23,3674774,1296558.94,1609078.23,22457580.01,54124216.8,2454459.5,1346949.2,2061739.49,14917069.85,44572745.02,2067027,1070635.68,2096991.52,12163312,53087174.97,1421702.34,316144.6,1150624.84,28329627.02,68525580.21,2938003.2,1690076.12,4242648.8,28788.4,91748.26,4187.29,2006.3,5126.37
DOM-EXC,294179,466635,58337.55,4680,0,362000,513000,61500,19925,0,879912,527425,100825.88,11183,708896,1159680,527458,160057.47,9504,1205420,1503711.65,545832.63,120907,22500,1626148,38360768.55,15180225.04,3778927.69,1473944.15,1681533.46,2048091,1186469.88,241752,68000,3239228.8,1375450,297987.59,349547.42,48260,2388511,47790.34,3606656.63,224040,51749,1804556.55,1584746.77,4189065.88,407875.48,86549.83,1903336.36,3222000,418612.08,253000,14000,9.00E+05,4.00E+06,3583783.68,200357,9000,750000,6063319.36,5231061.87,345740.4,39600,1864173.34,7929219.5,6001314.2,490280,96000,3179094.72,7751,6992.72,662,432.6,2650
DOM-FLO,0,0,0,0,0,0,0,0,0,0,0,0,0,0,0,0,0,0,0,0,0,0,0,0,0,0,0,0,0,0,0,0,0,0,0,0,0,0,0,0,0,0,0,0,0,0,0,0,0,0,0,0,0,0,0,0,0,0,0,0,0,0,0,0,0,0,0,0,0,0,0,0,0,0,0
DOM-FRA,1271259,1937598,133094.38,155744,0,1262821,2471334,169572,144790,0,3107986.38,2494719.22,134164.82,183970,504653.03,4597762.1,1513103,872913,199660,802987.27,3857469.33,1704888.96,341433.69,189315.4,1069807.25,4265731.7,1538836.81,352767.02,406065.77,790240.25,3714134.71,4880664.06,280707.02,131864.66,394075.88,682100.99,3319852.88,38193.93,26718,101375.12,724743.81,1211011.08,52802,26718,100809.59,694055.57,1611791.29,60331,26718,100414.48,1072866.99,1985346.79,73794,26718,119289.24,1087059.64,1945604.44,85744.26,29936,149412.62,1156683.37,2513008.97,98000.2,27803.33,147885.77,1204258.97,2749604.74,121506,96540,329018.32,1305.68,2826.4,130.4,96,350.56
DOM-GLO,0,710000,0,0,0,0,1209000,107800,0,0,0,263800,80300,35000,266000,0,0,29100,480000,372000,0,56096,27100,619500,540000,1688391,580432.63,177589,16500,2655577.24,0,0,0,0,0,0,0,0,0,0,0,0,0,0,0,0,0,0,0,0,0,0,0,0,0,23233,0,0,0,5000,230000,152198.92,4300,0,210000,263440,236797.31,10200,0,256384,285.88,390.93,19.59,0,270.3
DOM-GUR,6820179.91,2867796,751991,673920,0,7685350.16,6301187,1165096,395066,0,9305761.59,4541115,1255761,303199.19,1401856.91,36051786.93,3136495.38,1408057.59,391412.56,5330115.02,25398122.2,8292794.05,2483425.18,1393096.82,7297096.92,13464000,180000,162000,948000,8.00E+05,19780486.01,30275394.53,2750516.63,954563.18,7168606.93,13636635.67,40260473.37,1857585.26,325826.52,8840869.52,11403163.67,37227903.31,1893232.39,674806.25,11686139.94,12891988.97,35128415.46,1562663.58,311000,16495693.88,15419362.97,47803457.56,1951756,95000,41410801.39,18725821.73,57914806.36,2734365,64000,36422680.56,35021178.09,110362972.6,5505088.1,1455259.92,5033726.12,30215613.44,204852510.3,4858621.27,1397507.76,6854202.92,28780.76,59793.58,5562.56,1029.33,6769.59
DOM-HAI,7327312.15,6555330.14,761254.39,1045561,0,6442176.72,4741768,119995,216586,0,4021745.75,2457641,415963.68,283300,2386604.58,6239029.97,1762905.5,942991,229300,2510288.69,4453966.57,1701630.67,297415.31,638501.88,2521981.89,17583342.54,4013257.62,2039169.34,816580.7,6526264.71,4742077.77,9867398.78,628093.65,313017.28,3298443.24,12673790.84,7359112.89,325985.56,169362.75,2732556.05,5433532.73,9994010.75,894210,384904,2182791.27,9405248.11,8938240.41,234923.36,393809.82,2326703.73,2141319.84,8464688.63,234768.38,404017.04,2043424.84,1685146.08,5319429.44,246199.98,652060.69,2602977.64,1549000,7460893.92,313222,865000,2464800,3790425.74,9009647.35,593079,960588.95,3046946.65,2256.12,12098.4,649.38,1454.6,3975.91
DOM-HAN,0,0,0,0,0,0,26000,0,0,0,120170,1056703,271119,0,501782,0,990426.23,368472,0,951456,0,1603910,504545,0,1320500,637287.54,528104.91,117052.9,20824.8,396921.83,155154.69,320032.51,30655.81,23301.6,508099.03,2082907.03,1386102.35,39935.82,0,545186.8,939754.48,1518011.28,75963,0,1009185.24,2424512.99,2271884.71,94978,0,1441265.05,2862853.03,3391599.58,659869.44,0,1176226.24,4245553.6,4528433.46,231136.22,12604.8,1735756.37,3825404.56,8605677.56,409209.2,1181744,3068764,5428204.55,11447627.44,639205.8,155120,5631280.68,4381.42,11054.81,604.91,2,2728.03
DOM-HAT,0,0,0,0,0,191325.4,1464406.36,66213.43,53991,0,689937.68,680984.38,109119.16,41257.5,185789.93,1033823,5143272,141385,37290,168289,1156172.85,730462.7,192756.89,372130,432544.17,11411760.55,1738237.94,373877.66,382275.84,3439481.18,1550157.69,5178699.49,269957.19,167537,951364.95,1373647.19,13329847.85,296327.15,26746.2,287485.56,0,5091840.89,0,0,0,0,0,0,0,0,1205000,1308828.94,64400,30000,40500,1488861.54,2074890.22,64105,44076,92270.16,2015763.11,0,213042,45932.4,242151.71,2316299.2,0,213042,45932.4,242151.71,1820.91,6035.39,200.24,34.2,392.56
DOM-HER,0,0,0,0,0,0,0,0,0,0,0,0,0,0,0,0,0,0,0,0,0,0,0,0,0,0,0,0,0,0,0,0,0,0,0,0,0,0,0,0,0,0,0,0,0,0,0,0,0,0,0,0,0,0,0,0,0,0,0,0,6210003,0,2002214,0,18041328,0,162235.57,6753,0,0,15759.18,28767.46,1773.95,574.88,23008.99
DOM-HIP,0,0,0,0,0,0,0,0,0,0,0,0,0,0,0,0,0,0,0,0,0,0,0,0,0,0,0,0,0,0,0,0,0,0,0,0,0,0,0,0,0,0,0,0,0,0,0,0,0,0,0,0,0,0,0,0,0,0,0,0,0,0,0,0,0,2400000,320930.14,14282,60000,42000,2600,492.63,21.72,70,46.5
DOM-HIS,0,0,0,0,0,0,0,0,0,0,0,0,0,0,0,0,0,0,0,0,8586570,358513,102900,0,216787,7393166,297845.86,68104,0,324599,3254154.21,882409.67,48254.65,0,245254.36,11465044.6,3392724.46,43415.6,64912,143092.91,11465044.6,2994391.88,43415.6,64912,143092.91,1276002,2178303.41,0,12444,144198.16,0,0,148138,0,168705,12316294.49,0,0,55000,422057.97,9265149,2944687.58,541522,55000,2716639,22182095.37,0,146936.25,50000,514220.67,5209.76,0,0,24.21,217.94
DOM-INE,0,0,0,0,0,0,0,0,0,0,0,0,0,0,0,0,0,0,0,0,0,0,0,0,0,0,0,0,0,0,0,0,0,0,0,0,0,0,0,0,0,0,0,0,0,0,0,0,0,0,0,0,0,0,0,0,0,0,0,0,0,0,0,0,0,0,0,0,0,0,10010,11357.78,138.28,1268.17,1120
DOM-INF,0,0,0,0,0,0,0,0,0,0,0,0,0,0,0,0,0,0,0,0,0,0,0,0,0,0,0,0,0,0,0,0,0,0,0,0,0,0,0,0,0,0,0,0,0,0,0,0,0,0,0,0,0,0,0,0,0,0,0,0,180000,631880.54,18000,0,360000,231140.68,465430.14,22353.52,22350,520311.87,393.93,408.95,19.41,2.24,460.24
DOM-INT,0,0,0,0,0,0,0,0,0,0,0,0,0,0,0,0,0,0,0,0,0,0,0,0,0,0,0,0,0,0,0,0,0,0,0,0,0,0,0,0,0,0,0,0,0,746966.74,3808915.65,171005,134412,1076580,3535691.11,5137158.94,245035,134563.2,6.00E+05,3400000,5703169.51,230000,130000,6.00E+05,10511630.69,7601807.78,355468,131632.4,2342975.73,9318612.86,7497175.6,337506.37,14856.23,2184808.93,10632.05,8950.48,394.7,16.39,2082.57
DOM-ISI,31646223.4,17460230.61,5325528.84,757785.81,0,37173666.23,18061333.76,3489325.33,1092184.99,0,76825402.54,19598138.37,4772733.2,1651186.39,25973656.16,168897478.6,15039551.66,8347091.28,2365592.24,40913432.72,117089825.7,13508504.63,6835304.55,2224881.78,52040178.21,113312390.4,12164657.93,8214332.99,2222645.17,42519465.27,146519634.5,94221029.94,10692956.55,2717371.32,66325717.37,139838599.5,218994541.8,12002827.39,5353475.48,86535330.7,143815211.4,411432905.9,9861386.33,2437470.02,74765997.22,153059641,389491791.6,12653971.77,2484410.69,71732684.29,192686630.6,412295561,14663263.75,2376390.64,108673423.5,221826562.5,293276150.9,27454926.47,3962188.82,39959027.02,291017114.6,468762268.2,25885097.88,3881109.81,31533448.28,304271060.5,588972991.2,22991903.43,2787900.23,57163142.31,275492.7,475700.78,19965.49,2739.7,43754.95
DOM-LAS,39819296.51,18075614,3828482,659109,0,47191306.25,54461047.49,4016915.25,1056567.94,0,89759303.35,19479075.1,4603336.69,2031771.94,13600259.12,139655957,32545714.87,6526259,3096066.94,18415056.64,161252682,32098790.74,8250162.38,4128403.43,22157331.78,182068757.3,19939434.03,9630952.12,4335997.8,24776671.92,226515732.7,82758069.47,11418837.77,5390349.74,26473088.44,183340508.6,320520331,12706874.59,4833209.31,24558280.98,184663047.5,183177753.7,10989941.71,3545105.17,20264154.81,148893774.2,212243524.6,10669461.19,3022288.53,16907982.24,187574926.9,220785052,12122941.99,3809589.07,23002757.29,217385839.1,229389506.7,13698401.94,3990137.71,20807743.47,243770121.4,378837030.9,16453650.06,3707055.18,28663996.9,280476699.9,463645784,18741943.54,4337957.99,36698243.86,247328.3,411903.86,18492.23,3484.4,40217.23
DOM-LEO,0,0,0,0,0,0,0,0,0,0,0,0,0,0,0,0,0,0,0,0,0,0,0,0,0,0,0,0,0,0,0,0,0,0,0,0,0,0,0,0,0,0,0,0,0,0,0,0,0,0,0,0,0,0,0,0,0,0,0,0,0,0,0,0,0,0,0,0,0,0,0,0,0,0,0
DOM-LIM,0,0,0,0,0,0,0,0,0,0,0,0,0,0,0,0,0,0,0,0,342221,167796,215746.39,31314,478261.38,43391834.21,860031.1,863991.31,0,1722712,0,1068882.06,147455.11,0,368812.75,0,3069128.87,114186.46,0,321598.37,0,693746.23,107114,0,333102,0,4102334.28,160265.75,0,418396,0,0,194796,0,361723,0,4622677.78,161892,0,407652,2811290.02,7872473.7,478989.87,470751.84,1055349.74,5150982.66,9784219.92,390261.39,569976.4,1112253.18,8197.46,9995.44,454.13,57.24,1658.17
DOM-MAC,45780419.63,46509414.03,6340525.83,696067.85,0,42492996.64,40567674.67,49587329.02,941548.7,0,83155099.4,36102364.97,5751414.08,1274951.86,12960394.39,168840272.3,29957206.33,8752216.53,1792134.44,20734780.03,139794467.6,33295179.64,8063748.73,1766853.12,17971475.14,101201162.9,26184091.22,8371382.54,1951867.2,16694728.7,112400543.1,132387488.3,9183358.85,2290715,16454189.5,121725770,178460231.2,7252105.62,1421141.21,17182123.84,100969161.5,147644846.7,7202291.63,1938210.99,17544897.54,135001450.1,208176476.8,8392928.24,1615155.36,15180371.45,161665303.2,209165737.6,9061747.91,2729766.76,17741368.17,188382145.5,195300219.7,12063316.06,2244070.84,17642783.18,221808160.3,243711653.3,11669026.33,2317914.65,19988840.02,212345332.3,305064307.3,14631933.08,2166360.47,17902622.64,208110.17,354985.98,14814.92,2873.28,24336.08
DOM-MEL,6796128.3,10408004,998486.48,104220,0,6283739.67,6326465.86,1206755.16,99000,0,6639000,4000743,100202,37800,1051400,9187007.94,2849658.83,1500863.91,135455,2418371.44,10838620.64,6864504.05,1901695.06,513814.21,2005573.75,19350428.55,4349134.9,1688765.35,317617,1549991.66,3067631.8,323221.17,44156.88,39862,381924.69,2387409.67,2004245.44,116466.46,53080,588963.92,3674585.1,3853437.91,147650.36,45917.88,452702.7,1816759.48,4128908.48,152802,34409.88,360286.31,6687300.5,4196908.64,203936,73454.88,553338.39,7456313.48,5084744.68,230830.4,103937.4,785581.14,11822216.17,5617536.15,232837,162905.42,485255.18,14030595.4,6969455.02,315159,299398,1322304.76,11396.63,7713.24,336.76,198.99,739.4
DOM-MOC,9048692.83,10513308.64,1734799.33,4928,0,11848330.33,13219724.88,1540252.7,28169,0,20580576.56,10664549.11,1618117.68,384307,2577300.69,36782141.58,6253512.68,2040067.26,820971.78,5421317.15,31797019.84,8032525.54,1696092.24,261170.02,2877672.98,28623690.69,8589113.57,2059107.59,676019.1,2853336.62,20431567.78,7078101.48,711877.12,620213,1666301.56,15461539.82,44020643.25,522702.04,276314,1306154.42,12297963.57,12111774.73,651579.59,344422,1028481.88,18430762.5,17702444.62,659226.75,488552,1780206.8,34625580.29,26995360.95,979866,450474,2506450.27,15231252.35,36638223.68,1038076,494624.01,1362112.84,21318131.04,24517943.22,1260126.8,1221553.99,1182812.63,14446956.15,32723267.31,1086792,713009,1565896.24,30417.06,41595.11,1066.08,1374.31,3464.04
DOM-MUL,0,0,0,0,0,0,0,0,0,0,0,1372698,633145,0,4239266,382589.57,32500,332000,3521.56,3144743.46,0,95903.92,430960,150000,1780837.06,0,0,0,0,0,0,0,0,0,0,0,37124013,0,0,0,0,69617781.24,0,0,0,1.00E+05,46128232.99,0,0,20048,150000,51770209.9,0,0,10000,373305.86,53699783.1,25067,0,37067,528593.12,675339.13,36666,0,251885.28,296750.33,800017.47,431823.87,0,203613.08,278.47,840.08,219.18,0,189.24
DOM-NAV,2383800,2085723,0,200956.34,0,2833561.7,2534621,149321,216175.25,0,5050331,1418276.5,230950.96,96000,0,5612278.31,3470640,586616.15,0,1044087.52,10131215.85,5438136.55,314749.31,64961.28,514232.94,8259877.55,3025883.81,345666.04,64941.6,380517.52,4609725.13,7451357.93,288897.66,59141.6,391405.44,4011440.3,11475305.68,511487.64,57922.5,332611.03,4158602.92,10788036.3,476657,73084.56,241825.23,6391340.08,12463877.29,554109,69292.8,432678.25,7352062.5,12388848.18,583592,115765,533040,4680867.9,13897324.72,621971,54135,378499.86,9489340.72,19473611.16,1031468.04,75088.3,722361.93,9602851.91,20681558.04,1007316.75,138421,727174.3,11226.56,18457.54,1048.31,197.03,1282.08
DOM-NIG,4990825.74,3814033.23,445024.76,123438,0,10773658.69,6300954.18,662848.31,261827.5,0,14439561.49,3513308.16,568067.27,306456.64,3185107.93,26029161.91,2070366.9,1074832.3,456582.8,20879863.65,28125967.09,2363385.93,832939.12,397423,3377764.79,33135588.11,3281255.74,1009856.55,534588,2678912.77,32203441.29,14666424.93,1122435.19,790876.5,3114229.16,26339314.91,22850110.9,1020692.34,453807.6,2302178.81,24101599.92,8856559.6,1056873.36,409775.5,2538799.83,31599007.22,9231984.13,1289326.09,412444.5,2133301.91,36928008.32,33181584.99,1281394,418829.5,2959946.25,35169553.2,38586738.5,1841956,434776.54,2596191.06,62651614.05,52019137.39,2738809.31,736707.4,6785075.28,65850037.58,114833927.2,3228956.52,815303.16,6395274.07,40526.58,73092.99,4224.66,1225.92,6585.69
DOM-PAL,0,0,0,0,0,0,0,0,0,0,0,0,0,0,0,0,10000,0,1600,22000,240000,72000,6492,21600,242400,359376,300500,128276,21600,503000,552220.44,2501557.57,94067.3,4800,485693.58,908717.81,5659452.94,231597.6,28320,494268.01,589243.21,5527375.8,155383,24307,290615.9,991864.3,5820428.58,194840.6,69600,351512.34,1456440.38,7705079.3,133503.49,27776.61,714328.25,2131815.88,10268310.72,209661,27000,794119.43,1952417,13729294.05,526375,0,527681.8,3694818.92,17480606.95,726104,0,1351002.92,8262.04,23513.4,793.78,138,1173.71
DOM-PAM,929360,2246163,0,0,0,848991,1996525,310970,0,0,3169920,3572168,721576,0,470470,3836872.93,2455634.74,864067.44,0,1088923.16,4044706.12,3183726.95,987721.83,0,1021998.37,5207571.5,2771039.05,1185480.53,0,1379221.69,5613195,7694138.54,1980443.18,555796.56,1501098.49,6063778.16,43862125.68,1410802.21,3200000,1188037.26,5376814.52,33244644.25,1049434,0,606566.39,4506784.77,31120141.42,1246469,0,791823.21,7263328.49,31609823.43,1251239,0,950128.87,6472658.23,19171698.03,822930,0,1756413.41,7009679.1,47209984.72,1279362.52,0,1619761.62,8137380.4,63332729.8,1391097.33,0,3897028.54,9130.11,35590.68,1613.08,0,2859.54
DOM-PED,0,0,0,0,0,24000,108,0,0,0,95710.29,72020,0,0,95961.73,250361,65767,0,23192,83351,284351,0,0,18654,95546,730876.41,478127.6,94507,143000,230081.25,823787.63,402857.74,121956.5,249547,261733.27,823787.63,4362261.64,121956.5,249547,261733.77,922866.82,5668127.36,290000,1982,241654.36,1115044.36,8569554.05,652869,126140,225580.13,1659603.39,11247387.82,358782,292755,211238.74,875241,9177708.51,458231,176254,215354,1712396.98,733991.4,0,0,416231.83,1641805.95,0,0,0,318687.67,1745.54,4846.1,747.49,0,347.41
DOM-PIS,9166401,9009416,1468884,706118.36,0,3694857.27,2240227.42,808119.03,1636405.67,0,19555619.53,8763119.6,1548329.04,1931589.45,5362284.53,46965030.16,6310733.08,13792609.54,3813733.08,8742694.21,59526504.97,7293358.24,3355373.24,4095008.15,9259106.6,62519598.46,9158289.73,3653875.04,3772148.12,10602596.8,65925107.98,34647947.79,4444121.98,4813419.12,12123035.85,51271347.69,91154559.18,3391034.91,2956223.34,8157058.74,48973308.86,35430864.54,3669995.58,3216327.58,7241746.78,24282079.02,24136987.18,898364,46026,2580158.85,73547178.7,118930578.6,4604848.18,5198000.97,8331268.42,80591565.56,120855691.7,5391119.18,5444976.04,8497175.56,168579823.7,188117598.4,9427893.24,8105770.28,12044104.24,117681077.5,223219663.6,10004789.61,9331990.98,12919803.72,101622.47,231279.02,10585.88,9089.68,12265.86
DOM-PUE,5311906.08,19892838.13,786084.04,145265,0,6382882.63,6419805.95,631521.55,129193,0,9841753.51,6659583.19,735598.13,648764.22,2546894.34,14868005.65,3581763.78,791875.3,756115,3495653.66,11835927,3011085.08,803361.37,805447.47,2751093.2,10330810.56,3522521.2,865168.59,453290.4,2193230.15,11371193.78,20366645.86,913969.94,401389.02,1756401.01,7811303.43,18774578.16,818299.71,214065,1183492.16,10479512.62,15721814.43,447281.7,180449,2900046.61,52109546.38,45396213.8,4182443.12,6263721.21,7905337.29,6687413.52,7312274.6,167248.8,118063.12,770961.32,8351288.95,10192293.64,315526,82041,1926275.46,9095511.43,19743281.3,608851,120081.5,901997.26,13816381.09,27061971.07,1150966.61,231799.5,2037517.29,12543.54,25730.32,1098.78,450.31,2170.7
DOM-RII,5968526.43,8757437.13,0,243825,0,8627763.89,3962954.44,624279.65,412804,0,18782739.25,5243133.34,954827,757346.5,506756,33819992.38,3524698.92,1168742.04,455013,1576320.37,27622215.09,5316982.53,502878,92423,5699148.97,22992789.55,3728105.88,313874,393916,4728283.61,23672777.38,14539918.06,1127332.21,601015.8,6003856.2,29393353.81,26239897.7,1047717.28,425722,4594818.87,20976522.34,25443329.64,1451575.72,565579,4638795.01,21025814.36,40249767.5,1353359,1032350,6025982.27,26507466.38,43656665.89,1884397,512386,6198840.74,35256865.8,46456377.23,2221527,567804,6473887.03,58426062.04,67856585.87,3357378.96,1093525,8162700.77,60462198.91,84572883.03,3899395,1453006,8273410.3,79362.75,88232.78,5151.76,1578.83,10020.11
DOM-ROM,38118402.65,33173329,5255715.34,1510160,0,49743540.42,33256452.12,3256054,1597092.15,0,47814816.03,25379912.02,2534539.02,2260398.7,3232831.04,74764835.34,17815676.7,3405629.58,1184616.42,4027088.78,28743520.15,8774893.62,3294138.37,584209.64,3607736.85,29174906.85,12584215.74,2703224.98,992612.24,3270986.63,27082637.86,29683401.14,2499426.1,788032.45,2589712.94,33532284.52,61850187.69,2729242.54,730458.8,3004730.52,27220317.22,48362444.22,3121031.46,1383983,3531332.78,28893398.31,76010121.76,3278119.18,863915.65,3221721.58,38452319.51,87869159.07,3456330.72,1117443,3122093.57,38473255.24,90844829.43,4133658.15,971957.19,2310621.26,90106211.87,114852182.7,7308210.71,848204.35,10748793.01,89889901.15,135021535.5,7541434.38,946506.25,8125120.12,85530.98,156109.18,7220.9,1521.43,14004.5
DOM-S12,101656845,93401094,13441979.47,13636879,0,94383489.6,71771272.25,10063519.18,12194254.78,0,201119669.6,92329447.79,16520485.61,34218860.57,21591433.41,308988769.2,81698044.19,24149543.55,23892849.44,33352697.87,303091368.2,94397401.9,24579596.4,32493454.17,33365802.05,293768218.6,74116296.7,24586372.22,35329977,35722962.3,161897027.3,177824716.7,16283965.76,17583117.16,25846482.74,166163383.1,372308187.2,13158164.02,13718573.17,23194480.42,129867974.1,419989450,12134516.23,16174542.36,24463355.34,166844336.3,399145603.4,12982721.28,15411805.21,23907167.5,186080832.9,338004851.7,13756191.89,17049702.13,24975944.45,194981328.6,394171662,15151115.28,18209285.45,29898634.97,293475351.9,375618476.3,21115489.4,26372764.74,37451294.78,291582455.3,632323833.5,24732793.16,32558019.14,42307567.05,386730.67,527000.37,25948.89,32161.21,44071.28
DOM-SEI,0,0,0,0,0,0,790246,79024,60000,0,0,480000,80000,36000,51516,0,2.00E+05,85000,38450,95540,1059585.08,0,18547,58471.4,162826.17,0,497872.54,159505.21,0,439202,612457,135016,10458,20245,165365.25,785000,457382.55,50078.64,56493,181800,336000,598589.94,30000,22356,69600,540000,941028.41,30000,22344,66720,521478,1388704.73,23251,32002,68251,542318,1503183.87,53038,34344,77769,855805,1836406.72,85058,39802,93528,909547,2171268.1,107324,22344,138000,919.6,2750.05,102.37,32.84,146.28
DOM-SLI,990083.26,754365,0,112392.83,0,1543339.11,1244326.49,226326.05,93684.86,0,1372721.6,333102.6,99751.2,59152.5,912937.19,7994044.26,831191,438906.89,167367.5,1613941,8818173.82,989251.42,751988.75,188442.23,1995157.97,3091175.19,115086.17,197569.86,117567.74,1769901,3788948.8,1888681.38,146439.83,110292.36,1449649.33,2823416.28,6305425.57,146174.29,143693.7,820269.95,4382922.63,5287273.28,217540.05,145396.5,843597.41,4969175.89,5915651.74,256937,122343,892153.21,4793079.86,6050267.9,246967,190269,812426.51,4358267.17,4505223.74,226855,169468,472843.03,6436875.41,6846228.67,192579.24,199839,459926.77,6000754.68,7847364.7,356271.97,274253,568696.68,6945.19,9347.21,426.52,314.55,595.45
DOM-TAL,0,0,0,0,0,0,0,0,0,0,0,0,0,0,0,0,0,0,0,0,0,0,0,0,0,0,0,0,0,0,0,0,0,0,0,0,0,0,0,0,0,0,0,0,0,0,0,0,0,0,0,0,0,0,0,0,0,0,0,0,0,0,0,0,0,0,40132.19,3745,0,24508.98,1251.31,624.92,20.08,0,179.33
DOM-TAM,4500,15230,0,0,0,1280000,315000,24000,6000,0,4691649.35,359637.5,74234.54,525165.16,1135211.05,7464937.92,695833.11,283577.59,292089.01,2384349.3,10465287.93,1477759.33,440309.86,230730,1742157.93,12144439.26,980921.13,341408.41,281895,1729837.67,7647898.55,1767131.69,15015,125577,737265.01,10643103.24,32580057.42,901435.3,221300,907525.86,15307395.82,7381582.97,816230.55,187893.2,2222398.76,8487711.31,5986772.08,470710.92,150799.2,1000568.06,21213843.83,40468244.36,1704566,362295.2,2469710.24,39412130.31,75275387.33,2926636.56,288050,2175364.52,75931434.73,117687230.4,5449801.67,1519316.27,2566912.95,80861818.16,137435425.2,5922129.16,2060706.32,3014177.21,151758.85,160109.11,8303.48,4596.8,4552.47
DOM-VEG,19505860.5,18751875,2669151.67,1031627,0,18458617.35,87093851.53,10642320.08,813431.79,0,36287644.7,33048282.13,2877482.27,1383746.7,6395237.19,62456738.43,16118619.59,3806124.69,1579188.62,8066854.47,42998044.02,13783180.84,3271956.75,633163.5,6693525.45,55704977.32,16521788.65,3962920.62,1276016.28,9667117.76,37044662.79,23892615.3,2169976.68,882786,6660364.34,30021879.85,42926959,1872791.36,770575.63,5135740.31,22856282.57,15508283.6,1099318.98,413403,2792625.3,35713830,46127044.08,1724458.5,740548.49,3636941.93,50243306.14,58945323.97,2388481,1073158.17,4709304.3,57437671.39,58689408.68,2583834.45,895640.7,4885253.45,129657135.5,102344837,11961332.15,1886356.32,4984907.91,61770972.74,107008260.7,4513150,1793569,5568246.32,50380.11,109065.73,4535.28,2539.47,6435.25
DOM-VER,0,0,0,0,0,0,0,0,0,0,0,0,0,0,0,0,0,0,0,0,0,0,0,0,0,0,0,0,0,0,0,0,0,0,0,0,0,0,0,0,0,0,0,0,0,0,0,0,0,0,0,0,0,0,0,0,0,0,0,0,0,0,0,0,0,0,0,0,0,0,0,0,0,0,0
DOM-VIS,0,0,0,0,0,0,0,0,0,0,0,0,0,0,0,145500,56400,0,90000,185000,73211.41,207217.3,0,49071,272934.73,85024900,171681.98,1137654.35,8.00E+06,3209490.99,146663382.3,24860776.08,1448370,7642081,4297577.79,215730058.9,33782555.03,1532104,12451533,3902908.41,4224434.65,30144336.33,1973480,12696529,4074717.2,10085000,40627668.25,1950000,9700000,8070000,173500000,50224417.22,2563800,17191000,11600000,5013142.46,44747426.19,2632573,16354196,2960080.59,374700000,57600351.29,3023000,19924000,4365000,315649590.4,60854461.67,3173190,21329496,885510.8,254413.1,65013.44,3001.83,16800,5231
DOM-ZFE,0,0,0,0,0,0,0,0,0,0,0,0,0,0,0,114718485.9,16204661.54,4151535.51,7121176.42,25334126.13,217620059.2,13313858.97,7133582.44,25478099.87,42131987.06,329645069.4,25556092.06,9960987.07,30228872.37,59306854.56,255728777.2,126626165.6,11226984.43,30175966.65,96304776.48,260776176.3,315099138.2,13035689.76,30935183.93,85282654.91,262345324.2,465692056.4,17051141.99,15121043.69,88563960.86,289523508.4,419378311.1,19045830.55,10943696.08,115588590.6,323949608.5,545453048.5,21804267.31,10802240.43,120346557,366616395.6,601651183.9,35378715.1,12388355.11,142971061.3,521249619.7,933024269.2,44938424.2,33078533.13,196838991.6,560731683,1936937930,56878735.77,31905877.56,180436853.3,519425.72,1204396.35,53397.75,27844.11,210191.42